trigram,count
<s> <s> la,2
<s> la ciencia,1
la ciencia es,1
ciencia es el,1
es el conjunto,1
el conjunto de,1
conjunto de conocimientos,1
de conocimientos sistemáticos,1
conocimientos sistemáticos sobre,1
sistemáticos sobre la,1
sobre la naturaleza,1
la naturaleza </s>,1
<s> <s> los,1
<s> los científicos,1
los científicos investigan,1
científicos investigan formulan,1
investigan formulan hipótesis,1
formulan hipótesis y,1
hipótesis y realizan,1
y realizan experimentos,1
realizan experimentos para,1
experimentos para comprobarlas,1
para comprobarlas </s>,1
<s> la divulgación,1
la divulgación científica,1
divulgación científica acerca,1
científica acerca el,1
acerca el conocimiento,1
el conocimiento al,1
conocimiento al público,1
al público general,1
público general </s>,1
