bigram,count
<s> la,2
la ciencia,1
ciencia es,1
es el,1
el conjunto,1
conjunto de,1
de conocimientos,1
conocimientos sistemáticos,1
sistemáticos sobre,1
sobre la,1
la naturaleza,1
naturaleza </s>,1
<s> los,1
los científicos,1
científicos investigan,1
investigan formulan,1
formulan hipótesis,1
hipótesis y,1
y realizan,1
realizan experimentos,1
experimentos para,1
para comprobarlas,1
comprobarlas </s>,1
la divulgación,1
divulgación científica,1
científica acerca,1
acerca el,1
el conocimiento,1
conocimiento al,1
al público,1
público general,1
general </s>,1
